0.0006,0.0003,0.000525,0.00025,30,0.11512,0.001025,0.052276,0.29001,0.83565
0.0006,0.00025,0.0003,0.000275,30,0.1576,0.0008,0.11266,0.33639,0.83667
0.0003,0.000275,0.000525,0.000225,30,0.13821,0.000725,0.10124,0.31132,0.84665
0.000375,0.0003,0.0006,0.0002,30,0.067956,0.000815,0.037061,0.26348,0.83725
0.0003,0.0003,0.00045,0.000225,30,0.046526,0.00065,0.03382,0.25296,0.84009
0.00045,0.000225,0.00045,0.000225,30,0.093135,0.00074,0.057521,0.30707,0.85869
0.00045,0.0002,0.00045,0.0003,30,0.0929,0.00074,0.060268,0.31047,0.84395
0.00045,0.000225,0.000525,0.0003,30,0.18391,0.000815,0.12894,0.35676,0.83774
0.000375,0.000275,0.0003,0.000225,30,0.11663,0.000575,0.12058,0.34208,0.84801
0.0006,0.0002,0.0003,0.0003,30,0.04515,0.0008,0.022919,0.26764,0.84041
0.000375,0.000225,0.0003,0.0002,30,0.046767,0.000575,0.037686,0.27998,0.8719
0.00045,0.000225,0.000525,0.000225,30,0.18394,0.000815,0.12369,0.3602,0.8562
0.00045,0.0003,0.000525,0.0002,30,0.046058,0.000815,0.02304,0.23974,0.84277
0.0006,0.0002,0.000375,0.00025,30,0.13713,0.000875,0.0771,0.32623,0.85646
0.00045,0.0002,0.0003,0.000275,30,0.092872,0.00065,0.070899,0.32061,0.85492
0.00045,0.000275,0.00045,0.00025,30,0.18621,0.00074,0.14762,0.36012,0.83973
0.0003,0.0003,0.000375,0.0003,30,0.14059,0.000575,0.18295,0.34621,0.81162
0.0003,0.0003,0.000375,0.0003,30,0.11716,0.000575,0.14568,0.33321,0.81162
0.000375,0.000275,0.000375,0.00025,30,0.1397,0.000605,0.14526,0.35972,0.83732
0.0006,0.000275,0.00045,0.0002,30,0.18364,0.00095,0.10456,0.33507,0.85107
0.0003,0.0002,0.000525,0.0003,30,0.046055,0.000725,0.026287,0.2616,0.8447
0.0006,0.0002,0.00045,0.00025,30,0.068958,0.00095,0.028806,0.27094,0.85634
0.0003,0.00025,0.00045,0.0002,30,0.18515,0.00065,0.1655,0.3703,0.86266
0.0003,0.000225,0.0006,0.0003,30,0.04517,0.0008,0.022983,0.2442,0.83561
0.00045,0.0003,0.00045,0.000225,30,0.18566,0.00074,0.14875,0.35409,0.83851
0.00045,0.0002,0.000525,0.0002,30,0.18408,0.000815,0.12315,0.35623,0.86612
0.0003,0.000225,0.0006,0.0003,30,0.067756,0.0008,0.037087,0.27403,0.83561
0.0003,0.0002,0.000525,0.0002,30,0.13795,0.000725,0.093539,0.34116,0.87107
0.00045,0.0003,0.0003,0.000225,30,0.13969,0.00065,0.12171,0.33586,0.84033
0.00045,0.00025,0.0006,0.0002,30,0.091034,0.00086,0.047586,0.30303,0.84862
0.000525,0.000225,0.0006,0.000275,30,0.1602,0.00098,0.088239,0.32896,0.84178
0.0006,0.00025,0.0006,0.000275,30,0.13789,0.0011,0.064493,0.30602,0.8385
0.00045,0.00025,0.0003,0.00025,30,0.16265,0.00065,0.14415,0.35838,0.84942
0.00045,0.0003,0.000375,0.00025,30,0.11557,0.000695,0.090638,0.32186,0.83385
0.00045,0.00025,0.000375,0.000275,30,0.13954,0.000695,0.11024,0.34353,0.84174
0.000375,0.000225,0.0006,0.0003,30,0.11384,0.00083,0.067986,0.32236,0.83406
0.00045,0.0003,0.0003,0.00025,30,0.16291,0.00065,0.15316,0.35261,0.83332
0.00045,0.000275,0.000525,0.000275,30,0.0686,0.000785,0.040968,0.28179,0.82895
0.00045,0.00025,0.0006,0.0003,30,0.15926,0.00089,0.096479,0.33591,0.82956
0.000375,0.000225,0.000375,0.00025,30,0.11632,0.000605,0.10765,0.34679,0.85304
0.00045,0.000225,0.0003,0.000275,30,0.069716,0.00065,0.051986,0.29934,0.8487
0.0006,0.000275,0.000525,0.00025,30,0.13832,0.001025,0.066409,0.30603,0.841
0.0003,0.000275,0.000525,0.0003,30,0.046013,0.000725,0.028684,0.24097,0.82587
0.00045,0.000225,0.000375,0.000225,30,0.18633,0.000695,0.14696,0.36676,0.86202
0.0003,0.000225,0.000375,0.000275,30,0.18718,0.000575,0.21542,0.40192,0.84797
0.0006,0.0002,0.000525,0.0003,30,0.11511,0.001025,0.052022,0.30439,0.8441
0.00045,0.00025,0.000375,0.0003,30,0.069413,0.000695,0.049629,0.29555,0.83359
0.0006,0.0002,0.000375,0.00025,30,0.18284,0.000875,0.11403,0.35053,0.85646
0.00045,0.000275,0.0003,0.0003,30,0.11612,0.00065,0.10508,0.33359,0.82544
0.00045,0.0002,0.0006,0.0003,30,0.045534,0.00089,0.019981,0.25011,0.83935
0.00045,0.000225,0.000525,0.00025,30,0.13805,0.000815,0.084495,0.33545,0.85058
0.0006,0.000275,0.0003,0.0002,30,0.11256,0.0008,0.068658,0.30459,0.84761
0.00045,0.000275,0.000525,0.0003,30,0.045905,0.000815,0.024493,0.24963,0.82607
0.0006,0.0003,0.0003,0.00025,30,0.13556,0.0008,0.09205,0.31996,0.82985
0.0003,0.0003,0.000525,0.0002,30,0.1609,0.000725,0.12597,0.31567,0.84448
0.0006,0.00025,0.0006,0.00025,30,0.13784,0.0011,0.064536,0.30574,0.84297
0.0003,0.0002,0.000375,0.0003,30,0.070229,0.000575,0.066025,0.31904,0.84536
0.00045,0.000275,0.00045,0.000275,30,0.11608,0.00074,0.082851,0.3195,0.83312
0.0006,0.000225,0.00045,0.000275,30,0.11491,0.00095,0.056181,0.3038,0.84692
0.0006,0.000275,0.0006,0.00025,30,0.18363,0.0011,0.097606,0.32966,0.8385
0.00045,0.0002,0.000375,0.000275,30,0.09305,0.00071,0.061248,0.31669,0.85603
0.0006,0.000275,0.0003,0.000225,30,0.045086,0.0008,0.022752,0.24818,0.84249
0.0003,0.00025,0.00045,0.000225,30,0.046438,0.00065,0.031661,0.25726,0.85645
0.00045,0.0002,0.0003,0.0003,30,0.046552,0.00065,0.032853,0.27698,0.84634
0.000375,0.0002,0.0003,0.000225,30,0.093691,0.000575,0.083556,0.33287,0.8717
0.00045,0.000275,0.000525,0.0003,30,0.068858,0.000815,0.039131,0.27686,0.82607
0.00045,0.0003,0.000525,0.000275,30,0.18318,0.000815,0.13295,0.3469,0.82608
0.00045,0.0002,0.0006,0.000275,30,0.068342,0.00086,0.033779,0.28106,0.84268
0.000525,0.0002,0.0006,0.0002,30,0.1605,0.00098,0.086882,0.33361,0.85965
0.00045,0.0002,0.000525,0.0002,30,0.092039,0.000815,0.04894,0.2997,0.86612
0.000375,0.0002,0.000375,0.0003,30,0.046551,0.00059,0.041133,0.29454,0.83944
0.0003,0.0003,0.000525,0.000275,30,0.16089,0.000725,0.13144,0.31714,0.82568
0.000525,0.000225,0.0003,0.0002,30,0.13815,0.000725,0.09436,0.33253,0.86546
0.0003,0.0003,0.00045,0.000225,30,0.16284,0.00065,0.15112,0.32888,0.84009
0.000375,0.0003,0.0006,0.000275,30,0.13647,0.00083,0.089143,0.3193,0.82248
0.0003,0.0003,0.000375,0.0003,30,0.11716,0.000575,0.14568,0.33321,0.81162
0.000525,0.0003,0.0003,0.000225,30,0.069073,0.000725,0.043098,0.2856,0.83901
0.000375,0.000225,0.0006,0.0002,30,0.11373,0.00083,0.064897,0.31822,0.85713
0.0006,0.000225,0.000525,0.00025,30,0.11519,0.001025,0.051496,0.30088,0.85028
0.00045,0.000275,0.000375,0.0002,30,0.18514,0.00068,0.15907,0.36103,0.85225
0.0006,0.000275,0.0003,0.000275,30,0.13546,0.0008,0.092988,0.32319,0.83049
0.0006,0.0002,0.0003,0.000225,30,0.1355,0.0008,0.085459,0.32726,0.85944
0.0003,0.000225,0.00045,0.0003,30,0.092666,0.00065,0.07397,0.323,0.84033
0.00045,0.0003,0.0003,0.0002,30,0.046455,0.00065,0.032119,0.26127,0.84671
0.00045,0.000275,0.00045,0.00025,30,0.11638,0.00074,0.080881,0.31959,0.83973
0.00045,0.0003,0.000525,0.0003,30,0.045962,0.000815,0.025139,0.24379,0.81936
0.00045,0.000225,0.00045,0.0002,30,0.11606,0.00074,0.07449,0.31865,0.86414
0.000375,0.0002,0.0003,0.0003,30,0.046756,0.000575,0.042135,0.29301,0.84518
0.0003,0.000225,0.000525,0.000225,30,0.16142,0.000725,0.11809,0.35242,0.85976
0.000375,0.000275,0.0003,0.00025,30,0.14103,0.000575,0.1577,0.36311,0.84005
0.0003,0.000275,0.000525,0.000225,30,0.11521,0.000725,0.080314,0.29775,0.84665
0.0003,0.000225,0.000525,0.0003,30,0.13815,0.000725,0.10045,0.34444,0.839
0.00045,0.0003,0.000375,0.0003,30,0.162,0.000695,0.14874,0.35568,0.81856
0.000375,0.00025,0.000375,0.000225,30,0.18641,0.00059,0.20528,0.38696,0.85064
0.000375,0.0003,0.0003,0.0002,48,0.093746,0.000575,0.091464,0.31634,0.89528
0.00045,0.0002,0.000525,0.000275,48,0.16556,0.000815,0.10438,0.34705,0.89724
0.000375,0.00025,0.000525,0.0002,48,0.093301,0.00074,0.055901,0.29934,0.90115
0.000375,0.00025,0.000525,0.0003,48,0.16444,0.000755,0.12673,0.35974,0.88557
0.000375,0.000225,0.00045,0.000275,48,0.16494,0.00068,0.14291,0.3719,0.89538
0.000375,0.000275,0.000375,0.00025,48,0.14017,0.00059,0.16406,0.36973,0.88707
0.000375,0.00025,0.000525,0.0002,48,0.11715,0.000755,0.072714,0.31433,0.90248
0.000375,0.0003,0.00045,0.0003,48,0.18875,0.000665,0.21369,0.39497,0.87284
0.0003,0.000225,0.000525,0.0003,48,0.09328,0.000725,0.059864,0.31248,0.89125
0.00045,0.0003,0.000525,0.000225,48,0.1173,0.000785,0.0741,0.31222,0.88708
0.00045,0.0002,0.000375,0.000275,48,0.11761,0.000695,0.083564,0.32478,0.90088
0.0003,0.00025,0.0003,0.000225,48,0.070318,0.0005,0.084834,0.32232,0.89996
0.000375,0.000275,0.00045,0.000275,48,0.094283,0.00068,0.072557,0.31499,0.88599
0.0003,0.00025,0.000375,0.0002,48,0.16526,0.000575,0.17547,0.38849,0.9075
0.00045,0.000225,0.0006,0.000275,48,0.11696,0.00086,0.063363,0.30946,0.88982
0.00045,0.00025,0.0006,0.0002,48,0.093527,0.00086,0.045211,0.28871,0.89689
0.000375,0.0002,0.00045,0.0002,48,0.070677,0.00068,0.042981,0.29061,0.91268
0.000375,0.0003,0.0006,0.00025,48,0.14023,0.000815,0.091395,0.32297,0.88224
0.000375,0.000275,0.0003,0.0003,48,0.070209,0.000575,0.072222,0.30907,0.87937
0.00045,0.00025,0.0006,0.00025,48,0.18823,0.00089,0.11533,0.34783,0.89225
0.000375,0.0003,0.000375,0.000275,48,0.046767,0.00059,0.045447,0.27731,0.8749
0.0003,0.000225,0.0006,0.0002,48,0.092697,0.0008,0.04738,0.29316,0.90477
0.00045,0.00025,0.0006,0.000225,48,0.16365,0.00086,0.099391,0.33593,0.89371
0.0003,0.0002,0.000375,0.00025,48,0.1172,0.000575,0.11275,0.35989,0.90776
0.00045,0.000225,0.000375,0.0003,48,0.11784,0.000695,0.088778,0.32734,0.89153
0.0003,0.0003,0.000375,0.00025,48,0.16426,0.000575,0.20534,0.36394,0.88525
0.000375,0.0002,0.0006,0.000275,48,0.1394,0.000815,0.086474,0.33399,0.89394
0.000375,0.0002,0.000375,0.000225,48,0.1171,0.000605,0.10272,0.34528,0.90924
0.0003,0.0003,0.000525,0.0002,48,0.069964,0.000725,0.040889,0.26205,0.89486
0.00045,0.00025,0.0006,0.0003,48,0.093605,0.00089,0.045134,0.29003,0.88434
0.0003,0.00025,0.000525,0.000225,48,0.046557,0.000725,0.024414,0.24614,0.90082
0.000375,0.000225,0.0003,0.000275,48,0.14122,0.000575,0.1531,0.37098,0.897
0.0003,0.0002,0.0003,0.0003,48,0.14111,0.0005,0.21116,0.40874,0.89127
0.000375,0.00025,0.0003,0.0002,48,0.11672,0.000575,0.11095,0.33915,0.90776
0.000375,0.0003,0.000375,0.000225,48,0.1642,0.000605,0.1896,0.37494,0.88793
0.00045,0.0002,0.000375,0.0002,48,0.1887,0.000695,0.14794,0.36221,0.91392
0.0003,0.000225,0.0006,0.000225,48,0.046429,0.0008,0.020197,0.24529,0.90135
0.00045,0.00025,0.000375,0.000225,48,0.18938,0.00071,0.15182,0.36435,0.9033
0.0003,0.000275,0.00045,0.00025,48,0.047024,0.00065,0.032057,0.25364,0.89296
0.0003,0.000225,0.0006,0.0002,48,0.046348,0.0008,0.019862,0.24263,0.90477
0.000375,0.0003,0.0003,0.0003,48,0.093791,0.000575,0.10899,0.33206,0.87276
0.000375,0.000225,0.0003,0.0002,48,0.14099,0.000575,0.13806,0.35897,0.91301
0.000375,0.000225,0.0003,0.000225,48,0.046886,0.000575,0.037712,0.28026,0.90817
0.00045,0.000225,0.0003,0.000225,48,0.11779,0.00065,0.089532,0.32454,0.90749
0.000375,0.000225,0.0003,0.0003,48,0.07054,0.000575,0.067797,0.31467,0.89049
0.000375,0.00025,0.000375,0.000225,48,0.16425,0.000605,0.17301,0.3766,0.89981
0.00045,0.000225,0.0006,0.0002,48,0.16462,0.00089,0.090815,0.33258,0.90212
0.000375,0.000225,0.000375,0.000225,48,0.070399,0.000605,0.056902,0.30404,0.90478
0.000375,0.00025,0.00045,0.00025,48,0.070502,0.00068,0.047559,0.29145,0.89586
0.000375,0.000275,0.00045,0.0002,48,0.18837,0.00068,0.1692,0.3729,0.89932
0.000375,0.0003,0.0006,0.000225,48,0.093468,0.00083,0.049378,0.28483,0.88736
0.0003,0.0002,0.000525,0.00025,48,0.18549,0.000725,0.1427,0.37664,0.90467
0.00045,0.000275,0.000525,0.000225,48,0.11701,0.000785,0.072633,0.31239,0.89177
0.0003,0.000275,0.0003,0.00025,48,0.14147,0.0005,0.22136,0.37965,0.88709
0.000375,0.0002,0.00045,0.00025,48,0.1875,0.000665,0.17224,0.3874,0.90277
0.0003,0.000225,0.000375,0.00025,48,0.093518,0.000575,0.08844,0.33846,0.90292
0.00045,0.000275,0.000525,0.000275,48,0.093735,0.000785,0.056331,0.29949,0.88363
0.0003,0.0002,0.000525,0.0003,48,0.14009,0.000725,0.099671,0.35094,0.89502
0.000375,0.00025,0.0003,0.000275,48,0.070232,0.000575,0.06697,0.30648,0.89176
0.000375,0.0002,0.0006,0.000225,48,0.092598,0.000815,0.047197,0.29775,0.90173
0.000375,0.0003,0.0006,0.0002,48,0.070182,0.00083,0.033563,0.26449,0.89066
0.0003,0.0003,0.0006,0.00025,48,0.09315,0.0008,0.053146,0.26899,0.88495
0.00045,0.0002,0.0003,0.00025,48,0.093849,0.00065,0.067385,0.30945,0.90695
0.0003,0.000275,0.00045,0.00025,66,0.070666,0.00065,0.056221,0.26118,0.91271
0.000525,0.00025,0.00045,0.00025,66,0.19005,0.000875,0.13749,0.32991,0.91793
0.000525,0.0002,0.0006,0.0002,66,0.11839,0.00098,0.054976,0.26307,0.92186
0.000525,0.000275,0.0003,0.000275,66,0.16468,0.000725,0.15384,0.32803,0.90818
0.00045,0.0003,0.000525,0.000225,66,0.11788,0.000815,0.079122,0.28494,0.90963
0.00045,0.0003,0.0006,0.0002,66,0.14171,0.00089,0.086968,0.28854,0.91067
0.00045,0.000275,0.0006,0.000275,66,0.047118,0.00089,0.020641,0.20994,0.90576
0.00045,0.000225,0.0006,0.000225,66,0.070689,0.00089,0.031736,0.23137,0.9173
0.00045,0.000225,0.00045,0.0003,66,0.094523,0.00074,0.067685,0.28262,0.90993
0.0003,0.0002,0.000375,0.0002,66,0.094386,0.000575,0.087731,0.30796,0.93282
0.000375,0.000275,0.0006,0.0002,66,0.046921,0.00083,0.021158,0.21089,0.91424
0.00045,0.00025,0.0006,0.0002,66,0.11799,0.00089,0.064199,0.27137,0.91704
0.00045,0.00025,0.0003,0.000275,66,0.070336,0.00065,0.055948,0.25484,0.91271
0.0003,0.0002,0.000375,0.0002,66,0.047193,0.000575,0.037954,0.24268,0.93282
0.00045,0.0002,0.000525,0.000225,66,0.1414,0.000785,0.10069,0.30536,0.92037
0.0003,0.000225,0.0006,0.0003,66,0.070227,0.0008,0.038941,0.25647,0.90941
0.00045,0.000275,0.000375,0.000275,66,0.18864,0.000695,0.21154,0.37048,0.90841
0.00045,0.000275,0.0006,0.000275,66,0.070676,0.00089,0.034922,0.2374,0.90576
0.0003,0.000225,0.0006,0.000225,66,0.18746,0.0008,0.14219,0.35032,0.91955
0.0003,0.0003,0.0006,0.00025,66,0.14064,0.0008,0.10327,0.29124,0.90623
0.00045,0.000225,0.000375,0.0003,66,0.18833,0.000695,0.20338,0.36715,0.91138
0.000375,0.0003,0.00045,0.000225,66,0.16417,0.00068,0.17552,0.35333,0.90986
0.000375,0.0003,0.000525,0.0003,66,0.14144,0.00074,0.13557,0.33711,0.89705
0.00045,0.0002,0.000375,0.00025,66,0.11776,0.000695,0.091507,0.29536,0.92291
0.000375,0.00025,0.00045,0.0002,66,0.047044,0.00068,0.029953,0.22438,0.92164
0.0003,0.0002,0.0003,0.0003,66,0.094402,0.0005,0.13826,0.34314,0.9114
0.000375,0.0003,0.0006,0.000275,66,0.18808,0.00083,0.1658,0.34939,0.90166
0.0003,0.0002,0.000375,0.000225,66,0.1652,0.000575,0.1939,0.38925,0.929
0.0003,0.000225,0.0006,0.0003,66,0.11705,0.0008,0.078813,0.3098,0.90941
0.000375,0.000225,0.00045,0.000225,66,0.046714,0.000665,0.03172,0.23077,0.92066
0.000525,0.000225,0.000525,0.000275,66,0.094767,0.000905,0.047618,0.25436,0.91372
0.00045,0.00025,0.0003,0.000275,66,0.16412,0.00065,0.17839,0.35028,0.91271
0.0003,0.000225,0.0003,0.0003,66,0.070757,0.0005,0.10381,0.30787,0.90685
0.00045,0.0003,0.000375,0.00025,66,0.18806,0.000695,0.21166,0.36906,0.90804
0.00045,0.000225,0.000525,0.0003,66,0.16521,0.000815,0.13103,0.33101,0.90963
0.0003,0.0002,0.000375,0.00025,66,0.094052,0.000575,0.093693,0.31688,0.92473
0.00045,0.000225,0.0006,0.000275,66,0.16454,0.00086,0.12093,0.32406,0.9095
0.0003,0.0003,0.00045,0.000275,66,0.070122,0.00065,0.059416,0.26326,0.90396
0.0003,0.00025,0.0006,0.000225,66,0.046727,0.0008,0.021871,0.21334,0.91638
0.000375,0.0003,0.0006,0.000225,66,0.070479,0.00083,0.037315,0.23902,0.90786
0.000375,0.0003,0.00045,0.0003,66,0.046779,0.000665,0.039287,0.23883,0.89596
0.000525,0.000225,0.00045,0.000275,66,0.047401,0.000845,0.02109,0.2123,0.91546
0.00045,0.000225,0.000375,0.000225,66,0.16521,0.00071,0.14303,0.3365,0.92453
0.0003,0.00025,0.00045,0.00025,66,0.16459,0.00065,0.1752,0.37593,0.91691
0.0003,0.000275,0.00045,0.0003,66,0.046798,0.00065,0.036369,0.23542,0.90395
0.000375,0.0002,0.000525,0.0003,66,0.094524,0.000755,0.063848,0.28679,0.91252
0.000375,0.0002,0.000525,0.0003,66,0.16542,0.000755,0.14293,0.35076,0.91252
0.00045,0.0003,0.000525,0.0003,66,0.094405,0.000815,0.063119,0.27477,0.89965
0.00045,0.0002,0.0006,0.00025,66,0.04724,0.00089,0.018927,0.20908,0.917
0.0003,0.00025,0.0006,0.0003,66,0.07022,0.0008,0.039912,0.25331,0.90624
0.000525,0.000275,0.0006,0.00025,66,0.094972,0.00098,0.044021,0.2475,0.90959
0.000375,0.0003,0.0006,0.0003,66,0.07036,0.000815,0.042676,0.25165,0.89661
0.000375,0.0003,0.000375,0.000275,66,0.094197,0.000605,0.11165,0.3075,0.89977
0.00045,0.00025,0.000375,0.000275,66,0.094405,0.000695,0.074588,0.28196,0.9123
0.000525,0.0002,0.0006,0.000275,66,0.070857,0.000935,0.030932,0.23199,0.91188
0.000375,0.0003,0.000375,0.0002,66,0.16441,0.000605,0.21392,0.36428,0.91197
0.0003,0.000275,0.0006,0.000275,66,0.093271,0.0008,0.058623,0.26727,0.90655
0.0003,0.00025,0.000525,0.000225,66,0.18729,0.000725,0.16942,0.36563,0.91906
0.0003,0.000275,0.0003,0.000275,66,0.094129,0.0005,0.15591,0.32338,0.9025
0.000375,0.000225,0.000525,0.000275,66,0.14164,0.000755,0.11336,0.32977,0.91358
0.00045,0.0002,0.0006,0.000225,66,0.11769,0.00089,0.063213,0.27206,0.91975
0.0003,0.000275,0.00045,0.00025,66,0.14133,0.00065,0.14296,0.3405,0.91271
0.0003,0.000275,0.00045,0.00025,66,0.094221,0.00065,0.081508,0.29043,0.91271
0.0003,0.00025,0.000375,0.0002,66,0.11768,0.000575,0.12537,0.33259,0.92457
0.00045,0.0002,0.0006,0.0003,66,0.14123,0.00089,0.089783,0.30037,0.91066
0.0003,0.0002,0.0003,0.00025,66,0.094272,0.0005,0.12768,0.32768,0.92294
0.0003,0.0003,0.00045,0.000225,66,0.16406,0.00065,0.1816,0.33994,0.91191
0.0003,0.00025,0.0006,0.000225,66,0.14018,0.0008,0.094718,0.31079,0.91638
0.00045,0.000225,0.000375,0.000275,66,0.14133,0.00071,0.12056,0.32236,0.91725
0.00045,0.000225,0.00045,0.0003,66,0.18905,0.00074,0.18473,0.36309,0.90993
0.000375,0.0002,0.00045,0.0002,66,0.18707,0.000665,0.18655,0.3663,0.92725
0.000525,0.00025,0.000375,0.0003,66,0.047303,0.000785,0.024971,0.21605,0.90905
0.000525,0.000225,0.000375,0.000275,66,0.16478,0.0008,0.12324,0.31906,0.91734
0.000375,0.0003,0.0006,0.000225,66,0.093971,0.00083,0.05498,0.26229,0.90786
0.00045,0.000225,0.00045,0.000225,66,0.14192,0.00071,0.12227,0.31689,0.91857
0.0003,0.0002,0.000525,0.000225,66,0.18806,0.000725,0.16068,0.36729,0.92558
0.00045,0.000225,0.000525,0.0003,66,0.14161,0.000815,0.10375,0.31312,0.90963
0.000525,0.0003,0.00045,0.0002,66,0.18994,0.000845,0.14637,0.33075,0.91451
0.00045,0.000275,0.00045,0.0002,66,0.18853,0.00071,0.19399,0.35484,0.91438
0.00045,0.000225,0.000525,0.0002,66,0.16541,0.000815,0.11784,0.31626,0.92234
0.000525,0.0002,0.000525,0.000225,84,0.047759,0.000905,0.020924,0.19062,0.92804
0.00045,0.000275,0.000375,0.000275,84,0.071111,0.000695,0.063043,0.26151,0.91559
0.000525,0.000275,0.0003,0.00025,84,0.14151,0.000725,0.15037,0.31792,0.91897
0.00045,0.000225,0.00045,0.000275,84,0.14255,0.00074,0.14975,0.33049,0.92061
0.00045,0.000225,0.0006,0.0002,84,0.16578,0.00089,0.12971,0.32037,0.92605
0.0003,0.000225,0.000375,0.000275,84,0.14309,0.000575,0.22426,0.3998,0.92277
0.000375,0.000225,0.0006,0.0002,84,0.11833,0.00083,0.083143,0.2894,0.92671
0.0003,0.000275,0.000525,0.0002,84,0.070208,0.000725,0.049677,0.24845,0.92489
0.000525,0.000225,0.0006,0.000225,84,0.16773,0.001025,0.11122,0.30636,0.9262
0.0003,0.00025,0.0003,0.00025,84,0.1183,0.0005,0.23168,0.37714,0.92033
0.000375,0.000275,0.00045,0.000275,84,0.070857,0.000665,0.072573,0.27901,0.91253
0.000375,0.0002,0.00045,0.000275,84,0.18963,0.00068,0.26154,0.39921,0.92402
0.0003,0.0003,0.0003,0.000275,84,0.19099,0.0005,0.55765,0.44076,0.90459
0.000375,0.0002,0.0006,0.00025,84,0.18948,0.00083,0.18282,0.35812,0.92396
0.0003,0.0002,0.0006,0.00025,84,0.094469,0.0008,0.064005,0.28081,0.92564
0.000525,0.0002,0.00045,0.000225,84,0.19067,0.000845,0.17174,0.31104,0.93016
0.000525,0.0002,0.0003,0.000225,84,0.046961,0.000725,0.028112,0.19528,0.93156
0.000375,0.0002,0.00045,0.00025,84,0.094467,0.000665,0.091789,0.29697,0.92646
0.0003,0.00025,0.0006,0.00025,84,0.047136,0.0008,0.026084,0.21779,0.92028
0.000525,0.0002,0.000375,0.000275,84,0.1908,0.000785,0.19408,0.31392,0.92534
0.000375,0.0002,0.000525,0.00025,84,0.14274,0.000755,0.13475,0.33073,0.92633
0.0003,0.0002,0.0006,0.000275,84,0.18838,0.0008,0.19279,0.37944,0.92253
0.000525,0.000275,0.00045,0.00025,84,0.19071,0.000845,0.20106,0.3505,0.91948
0.000525,0.000225,0.00045,0.000225,84,0.19113,0.000845,0.18005,0.32834,0.92775
0.00045,0.0003,0.000525,0.000275,84,0.095216,0.000815,0.076788,0.27721,0.91088
0.0003,0.00025,0.00045,0.0002,84,0.16614,0.00065,0.19556,0.3714,0.93007
0.000375,0.00025,0.0003,0.0003,84,0.094437,0.000575,0.1344,0.32037,0.9139
0.0006,0.0002,0.0006,0.000275,84,0.047854,0.0011,0.016592,0.18117,0.92195
0.0003,0.000275,0.0003,0.000275,84,0.095209,0.0005,0.18377,0.34126,0.91026
0.00045,0.000275,0.0003,0.000225,84,0.11823,0.00065,0.13121,0.31744,0.92326
0.0006,0.0002,0.0006,0.000225,84,0.16755,0.0011,0.099706,0.29741,0.92624
0.00045,0.00025,0.000525,0.00025,84,0.071497,0.000815,0.046708,0.24414,0.92034
0.000375,0.000225,0.000375,0.00025,84,0.1181,0.000605,0.15617,0.34249,0.92436
0.000375,0.000225,0.00045,0.0003,84,0.070849,0.00068,0.065993,0.27673,0.91705
0.00045,0.000225,0.000525,0.00025,84,0.071248,0.000785,0.049185,0.24537,0.92109
0.0003,0.00025,0.0003,0.00025,84,0.16562,0.0005,0.38512,0.43619,0.92033
0.000375,0.00025,0.000525,0.0003,84,0.1425,0.000755,0.15798,0.34922,0.91379
0.000375,0.00025,0.00045,0.000275,84,0.094397,0.000665,0.10442,0.31317,0.91631
0.0003,0.0003,0.0006,0.0002,84,0.14137,0.0008,0.11913,0.29453,0.91906
0.00045,0.0003,0.000375,0.000275,84,0.071087,0.00071,0.06188,0.26174,0.91323
0.00045,0.0002,0.000525,0.00025,84,0.047517,0.000815,0.025541,0.2046,0.92556
0.0003,0.0002,0.000525,0.0002,84,0.070785,0.000725,0.046313,0.25597,0.93432
0.00045,0.0003,0.000375,0.0003,84,0.070756,0.000695,0.068915,0.26562,0.90757
0.0003,0.00025,0.0006,0.000225,84,0.094369,0.0008,0.064437,0.27692,0.92309
0.0003,0.0003,0.0003,0.0002,84,0.047506,0.0005,0.06895,0.23498,0.91837
0.00045,0.00025,0.0003,0.0002,84,0.1653,0.00065,0.20438,0.35673,0.93019
0.000375,0.00025,0.000375,0.00025,84,0.18917,0.00059,0.35861,0.42136,0.91901
0.00045,0.000275,0.000525,0.00025,84,0.071313,0.000815,0.048091,0.24688,0.91729
0.0003,0.00025,0.0003,0.00025,84,0.14196,0.0005,0.30377,0.40792,0.92033
0.00045,0.00025,0.0006,0.0003,84,0.094679,0.00086,0.071347,0.27644,0.91072
0.000375,0.000275,0.000375,0.0003,84,0.14254,0.000605,0.25854,0.38992,0.90761
0.0003,0.0002,0.000525,0.0003,84,0.16512,0.000725,0.18667,0.38304,0.92119
0.0003,0.0002,0.0006,0.0003,84,0.11798,0.0008,0.09584,0.31602,0.91911
0.0003,0.0002,0.0006,0.0003,84,0.094385,0.0008,0.068802,0.28933,0.91911
0.00045,0.00025,0.0006,0.00025,84,0.047476,0.00089,0.023254,0.20311,0.91871
0.000375,0.000225,0.0003,0.0002,84,0.11878,0.000575,0.14453,0.3312,0.9346
0.000375,0.00025,0.0003,0.0002,84,0.16619,0.000575,0.24953,0.38719,0.93069
0.0003,0.000225,0.00045,0.00025,84,0.094689,0.00065,0.09083,0.31351,0.9271
0.000375,0.0003,0.0003,0.00025,84,0.047508,0.000575,0.053989,0.23401,0.91377
0.000375,0.000225,0.000525,0.000225,84,0.07123,0.000755,0.048246,0.25415,0.92665
0.00045,0.000275,0.000375,0.0002,84,0.18964,0.000695,0.24197,0.3747,0.92532
0.000525,0.0002,0.0003,0.0002,84,0.16454,0.000725,0.15571,0.29041,0.93432
0.000375,0.000275,0.0003,0.000275,84,0.14205,0.000575,0.23673,0.37986,0.91436
0.000375,0.000225,0.000375,0.000275,84,0.14196,0.000605,0.21615,0.37661,0.9202
0.000525,0.0002,0.00045,0.0003,84,0.047699,0.000875,0.022772,0.19757,0.92341
0.000525,0.00025,0.0006,0.0002,84,0.071675,0.00098,0.033586,0.21648,0.92364
0.00045,0.000225,0.000525,0.000225,84,0.18995,0.000815,0.19073,0.35046,0.92587
0.000375,0.000275,0.000375,0.0002,84,0.14238,0.00059,0.21479,0.36464,0.92197
0.00045,0.00025,0.00045,0.0003,84,0.14256,0.00074,0.16638,0.33958,0.91387
0.000525,0.0002,0.000525,0.00025,84,0.047757,0.000905,0.021474,0.19177,0.92555
0.0003,0.000225,0.0003,0.000275,84,0.071641,0.0005,0.11481,0.30682,0.9199
0.0006,0.000225,0.0006,0.0002,84,0.16769,0.0011,0.099686,0.30078,0.92624
0.0003,0.0002,0.0006,0.000275,84,0.047096,0.0008,0.025838,0.22001,0.92253
0.0006,0.000275,0.0006,0.000275,84,0.047867,0.0011,0.017757,0.18449,0.91581
0.000375,0.0002,0.000525,0.000275,84,0.16614,0.000755,0.1785,0.35922,0.92302
0.000375,0.000225,0.0003,0.00025,84,0.094982,0.000575,0.1145,0.30916,0.92702
0.000375,0.0003,0.000375,0.000275,84,0.047478,0.000605,0.054268,0.24094,0.90761
0.000525,0.0003,0.000375,0.00025,84,0.11921,0.000785,0.10669,0.30295,0.91642
0.00045,0.000275,0.0003,0.000225,84,0.094582,0.00065,0.095177,0.2882,0.92326
0.0003,0.0002,0.0006,0.0003,84,0.070789,0.0008,0.045696,0.25912,0.91911
0.00045,0.0002,0.0006,0.0003,84,0.11876,0.00089,0.087124,0.28728,0.91763
0.0003,0.00025,0.000525,0.000225,84,0.094131,0.000725,0.075093,0.29158,0.92553
0.000525,0.0003,0.000375,0.0002,84,0.071385,0.0008,0.046056,0.23874,0.92303
0.000525,0.000275,0.0003,0.00025,84,0.047171,0.000725,0.032191,0.2005,0.91897
0.00045,0.000225,0.000525,0.0002,84,0.19011,0.000815,0.18353,0.34587,0.92836
0.00045,0.000275,0.000375,0.00025,84,0.14185,0.00071,0.15769,0.34124,0.92059
0.000375,0.0003,0.0003,0.00025,84,0.19003,0.000575,0.37864,0.4252,0.91377
0.0003,0.0003,0.00045,0.00025,84,0.1658,0.00065,0.2401,0.36036,0.9154
0.0003,0.0003,0.00045,0.00025,84,0.071058,0.00065,0.069175,0.26568,0.9154
0.000375,0.00025,0.00045,0.000275,84,0.1416,0.000665,0.19219,0.36574,0.91631
0.000525,0.000225,0.0003,0.000225,84,0.18841,0.000725,0.20906,0.32049,0.92875
0.000525,0.0003,0.000525,0.000225,84,0.095515,0.000905,0.06197,0.25671,0.91755
0.0003,0.0002,0.000525,0.0002,84,0.18876,0.000725,0.19183,0.37318,0.93432
0.000375,0.0003,0.0006,0.0003,84,0.16568,0.00083,0.1833,0.34767,0.90612
0.000375,0.000225,0.000375,0.0003,84,0.14261,0.00059,0.24812,0.38866,0.91372
0.00045,0.0003,0.00045,0.0002,84,0.11835,0.00071,0.12614,0.31219,0.91714
0.00045,0.00025,0.000525,0.000225,84,0.094817,0.000785,0.073636,0.27282,0.9211
0.000375,0.00025,0.000375,0.000225,84,0.11842,0.00059,0.16567,0.34357,0.92282
0.0003,0.000275,0.0006,0.000225,84,0.18916,0.0008,0.1889,0.34657,0.91991
0.0006,0.0003,0.00045,0.0003,84,0.1667,0.00095,0.14337,0.32343,0.91153
0.000525,0.0003,0.000525,0.00025,84,0.047688,0.000905,0.023892,0.20076,0.91506
0.000375,0.0003,0.000375,0.000225,84,0.09468,0.00059,0.13562,0.31196,0.91372
0.0003,0.0003,0.000375,0.000225,84,0.14279,0.000575,0.23241,0.36071,0.91781
0.000525,0.0003,0.000375,0.0003,84,0.095658,0.0008,0.078949,0.27954,0.91104
0.000525,0.000225,0.000375,0.0002,84,0.047655,0.0008,0.024531,0.19648,0.93237
0.0003,0.000275,0.000375,0.0003,84,0.14244,0.000575,0.25302,0.39774,0.9094
0.00045,0.00025,0.0003,0.000225,84,0.11821,0.00065,0.12796,0.31283,0.9271
0.000525,0.000225,0.0006,0.0002,84,0.19133,0.00098,0.14277,0.32882,0.92594
0.00045,0.000225,0.0006,0.000225,84,0.18967,0.00089,0.16638,0.34029,0.92377
0.0003,0.000275,0.0003,0.000275,84,0.071407,0.0005,0.12507,0.30008,0.91026
0.00045,0.0003,0.000375,0.000275,84,0.071043,0.000695,0.065539,0.26281,0.91166
0.0003,0.000275,0.0006,0.0003,84,0.11813,0.0008,0.10386,0.30767,0.91057
0.000375,0.000275,0.000375,0.000275,84,0.071248,0.000605,0.088366,0.28346,0.91231
0.000375,0.0002,0.0006,0.0002,84,0.18921,0.000815,0.16891,0.3538,0.92822
0.0006,0.0002,0.0003,0.00025,84,0.18879,0.0008,0.17603,0.29746,0.92565
0.00045,0.000275,0.0006,0.000225,84,0.14233,0.00089,0.11233,0.30481,0.91846
0.000525,0.0003,0.0003,0.0002,84,0.070565,0.000725,0.053605,0.23385,0.92119
0.00045,0.00025,0.00045,0.0003,84,0.1188,0.00074,0.12506,0.31758,0.91387
0.0003,0.000225,0.000375,0.0003,84,0.095076,0.000575,0.12824,0.34123,0.91782
0.000375,0.000275,0.00045,0.0002,84,0.094716,0.00068,0.089173,0.29357,0.92401
0.0006,0.000225,0.0003,0.0002,102,0.14218,0.0008,0.14837,0.27045,0.92732
0.0006,0.00025,0.00045,0.00025,102,0.16789,0.00095,0.18336,0.30468,0.92129
0.0003,0.0003,0.0006,0.000275,102,0.047429,0.0008,0.036519,0.22837,0.90923
0.000375,0.000225,0.000375,0.0002,102,0.14275,0.00059,0.26176,0.38436,0.92899
0.0003,0.0002,0.0006,0.000225,102,0.18949,0.0008,0.23259,0.39376,0.92732
0.00045,0.000275,0.000375,0.000225,102,0.11887,0.00071,0.16382,0.34168,0.92259
0.000375,0.0002,0.00045,0.00025,102,0.1187,0.000665,0.17121,0.34728,0.92535
0.000525,0.0002,0.000375,0.0002,102,0.095463,0.0008,0.0793,0.23529,0.93393
0.000525,0.000275,0.0003,0.000225,102,0.16546,0.000725,0.26499,0.32746,0.92099
0.00045,0.0002,0.0006,0.0002,102,0.16687,0.00089,0.16814,0.3369,0.92718
0.0006,0.00025,0.000375,0.000275,102,0.14246,0.000875,0.16119,0.28195,0.91798
0.00045,0.000225,0.00045,0.00025,102,0.14336,0.00074,0.20596,0.34362,0.92281
0.000525,0.00025,0.000525,0.000275,102,0.19158,0.000905,0.26461,0.35188,0.91681
0.000525,0.000275,0.00045,0.0002,102,0.071531,0.000845,0.054984,0.24582,0.92336
0.000375,0.000275,0.000525,0.0002,102,0.19043,0.00074,0.30827,0.39392,0.92069
0.0003,0.00025,0.000375,0.00025,102,0.14338,0.000575,0.3075,0.41932,0.9219
0.0006,0.000275,0.00045,0.0002,102,0.095878,0.00095,0.072047,0.25264,0.9232
0.000525,0.00025,0.0003,0.000275,102,0.16596,0.000725,0.26622,0.31684,0.91771
0.000525,0.00025,0.00045,0.0002,102,0.071604,0.000845,0.053567,0.23859,0.92635
0.000375,0.00025,0.00045,0.00025,102,0.11868,0.000665,0.18532,0.35579,0.91884
0.000375,0.0002,0.000525,0.000225,102,0.1667,0.00074,0.22935,0.37485,0.92717
0.00045,0.000225,0.00045,0.000225,102,0.047873,0.00074,0.037912,0.21487,0.92591
0.000375,0.000275,0.00045,0.000225,102,0.18978,0.000665,0.40701,0.42717,0.91842
0.000525,0.00025,0.000375,0.0003,102,0.047711,0.0008,0.035849,0.20718,0.91629
0.00045,0.0002,0.0006,0.000225,102,0.07141,0.00086,0.051403,0.23961,0.92317
0.000375,0.0002,0.0003,0.00025,102,0.047791,0.000575,0.055843,0.23118,0.92945
0.0006,0.000225,0.000525,0.000225,102,0.1922,0.001025,0.18804,0.33153,0.92503
0.000375,0.0002,0.0003,0.00025,102,0.071686,0.000575,0.094948,0.2754,0.92945
0.0006,0.0002,0.00045,0.000275,102,0.14403,0.00095,0.13273,0.27074,0.9232
0.000375,0.000275,0.0006,0.00025,102,0.18945,0.000815,0.30032,0.39085,0.91334
0.0003,0.00025,0.00045,0.000225,102,0.16622,0.00065,0.29136,0.4079,0.92583
0.0003,0.00025,0.00045,0.000225,102,0.18996,0.00065,0.3651,0.43098,0.92583
0.000525,0.0003,0.000525,0.00025,102,0.16745,0.000905,0.22234,0.35334,0.91376
0.000525,0.0002,0.000525,0.0003,102,0.095386,0.00086,0.090444,0.24471,0.91574
0.0003,0.0003,0.00045,0.00025,102,0.11847,0.00065,0.19711,0.34548,0.91414
0.0003,0.000225,0.0003,0.0003,102,0.14351,0.0005,0.44271,0.46387,0.91292
0.0003,0.000225,0.000525,0.000275,102,0.18921,0.000725,0.33271,0.43523,0.92098
0.0006,0.00025,0.0006,0.0003,102,0.16791,0.0011,0.15911,0.32315,0.91425
0.0003,0.000275,0.0006,0.000225,102,0.094967,0.0008,0.085745,0.28492,0.91864
0.00045,0.000275,0.000375,0.000225,102,0.11887,0.00071,0.16382,0.34168,0.92259
0.00045,0.000225,0.000375,0.0003,102,0.14315,0.00071,0.22804,0.35286,0.91849
0.000525,0.0003,0.000375,0.000225,102,0.19042,0.000785,0.31852,0.37889,0.91804
0.0006,0.00025,0.0003,0.0003,102,0.071129,0.0008,0.062156,0.21977,0.91239
0.000525,0.000225,0.0003,0.000225,102,0.14213,0.000725,0.182,0.28674,0.92763
0.0003,0.000225,0.0003,0.000225,102,0.14383,0.0005,0.35844,0.43171,0.92841
0.000375,0.0003,0.000525,0.0002,102,0.1663,0.000755,0.2474,0.36225,0.91812
0.00045,0.000275,0.000525,0.000275,102,0.16693,0.000815,0.26457,0.37572,0.91292
0.0003,0.000225,0.00045,0.00025,102,0.071116,0.00065,0.079767,0.29805,0.92597
0.0003,0.00025,0.000525,0.000225,102,0.071217,0.000725,0.065022,0.27832,0.92435
0.000375,0.000225,0.0003,0.00025,102,0.16685,0.000575,0.3586,0.42396,0.92589
0.00045,0.0003,0.00045,0.0003,102,0.18868,0.00071,0.49072,0.43614,0.90228
0.0006,0.0003,0.0003,0.0002,102,0.11838,0.0008,0.13319,0.27214,0.91784
0.0003,0.000225,0.00045,0.000275,102,0.14191,0.00065,0.24623,0.41149,0.92207
0.0003,0.0003,0.0003,0.0002,102,0.071962,0.0005,0.14738,0.29157,0.91714
0.0003,0.000275,0.000525,0.0003,102,0.16521,0.000725,0.30359,0.41032,0.91037
0.0006,0.0003,0.000375,0.0002,102,0.094956,0.000875,0.083846,0.26133,0.9198
0.00045,0.000225,0.00045,0.0003,102,0.047201,0.00071,0.047118,0.22278,0.91299
0.0003,0.000225,0.00045,0.000225,102,0.18997,0.00065,0.3472,0.43224,0.9295
0.000375,0.000225,0.0006,0.0002,102,0.1422,0.000815,0.15167,0.33676,0.92461
0.000525,0.00025,0.000525,0.0002,102,0.11962,0.000905,0.10714,0.28845,0.92442
0.00045,0.0002,0.0006,0.0003,102,0.14283,0.00086,0.17272,0.32976,0.91435
0.00045,0.0002,0.00045,0.000225,102,0.19133,0.00074,0.2947,0.34616,0.92866
0.0006,0.0003,0.000525,0.0003,102,0.11983,0.001025,0.11081,0.29618,0.91031
0.0003,0.0002,0.0003,0.0003,102,0.071748,0.0005,0.14746,0.33158,0.91714
0.000525,0.000275,0.000525,0.0003,102,0.16774,0.000905,0.23361,0.35222,0.91096
0.00045,0.00025,0.000375,0.000275,102,0.047445,0.000695,0.045574,0.22248,0.91792
0.0003,0.0002,0.000375,0.0003,102,0.19113,0.000575,0.50144,0.51688,0.92011
0.0003,0.000275,0.0003,0.000225,102,0.047914,0.0005,0.085993,0.2563,0.91862
0.000525,0.000275,0.000375,0.0003,102,0.14316,0.0008,0.20824,0.33919,0.91312
0.000375,0.000275,0.00045,0.0002,102,0.071156,0.000665,0.080598,0.28108,0.9215
0.0006,0.00025,0.000525,0.000275,102,0.11995,0.001025,0.0996,0.27206,0.91814
0.0003,0.0003,0.000375,0.000225,102,0.04774,0.000575,0.064265,0.24696,0.91651
0.0003,0.000275,0.000525,0.000225,102,0.16528,0.000725,0.24817,0.37522,0.92085
0.0006,0.000225,0.000375,0.0003,102,0.14272,0.000875,0.15491,0.27607,0.91731
0.0003,0.000275,0.000525,0.0003,102,0.16521,0.000725,0.30359,0.41032,0.91037
0.0006,0.0003,0.0006,0.0002,102,0.14394,0.0011,0.11576,0.30868,0.91821
0.0003,0.00025,0.000375,0.000225,102,0.047606,0.000575,0.059089,0.25583,0.92588
0.00045,0.000225,0.0003,0.000225,102,0.094863,0.00065,0.11531,0.29068,0.9295
0.000525,0.000225,0.000375,0.0002,102,0.1667,0.0008,0.19756,0.30062,0.93134
0.000525,0.000225,0.000525,0.0002,102,0.16774,0.000905,0.17461,0.31732,0.92695
0.00045,0.0002,0.000375,0.000225,102,0.11852,0.000695,0.14278,0.28753,0.93113
0.000525,0.0003,0.000375,0.0002,102,0.19052,0.0008,0.29012,0.37514,0.92185
0.000525,0.0002,0.000525,0.00025,102,0.16766,0.000905,0.18308,0.29855,0.92442
0.0006,0.000275,0.0003,0.0002,102,0.094821,0.0008,0.089244,0.24468,0.92132
0.000525,0.000225,0.000375,0.00025,102,0.0477,0.0008,0.032285,0.19773,0.92594
0.000525,0.000225,0.00045,0.0002,102,0.047809,0.000845,0.02864,0.19744,0.92904
0.000525,0.00025,0.000375,0.000275,102,0.047773,0.000785,0.036304,0.20357,0.91864
0.000525,0.0002,0.0003,0.00025,102,0.071121,0.000725,0.06175,0.21892,0.92721
0.0006,0.00025,0.0003,0.00025,102,0.071103,0.0008,0.058299,0.2182,0.91902
0.00045,0.00025,0.00045,0.0002,102,0.19132,0.00074,0.31306,0.38734,0.92557
0.000375,0.000225,0.0006,0.0003,102,0.047453,0.000815,0.035846,0.23078,0.91276
0.0003,0.000275,0.000525,0.000275,102,0.047318,0.000725,0.04175,0.23929,0.9142
0.000375,0.000275,0.000375,0.000275,102,0.1898,0.000605,0.54707,0.4692,0.91094
0.000525,0.00025,0.0003,0.0003,102,0.18985,0.000725,0.35834,0.33696,0.91387
0.0006,0.000275,0.00045,0.000225,102,0.19199,0.00095,0.22626,0.33423,0.92107
0.0003,0.0003,0.0006,0.00025,102,0.16595,0.0008,0.23422,0.33996,0.9124
0.00045,0.00025,0.00045,0.00025,102,0.19132,0.00074,0.35306,0.39743,0.9197
0.0003,0.00025,0.000525,0.000275,102,0.070984,0.000725,0.071455,0.28901,0.9177
0.00045,0.00025,0.0003,0.000275,102,0.1897,0.00065,0.40727,0.40076,0.9184
0.000525,0.0002,0.00045,0.0002,102,0.071566,0.000845,0.048962,0.21781,0.93151
0.00045,0.000225,0.0006,0.000275,102,0.047602,0.00089,0.030192,0.21168,0.91719
0.0003,0.000275,0.000525,0.000275,102,0.11829,0.000725,0.1621,0.34714,0.9142
0.0006,0.000275,0.0006,0.000225,102,0.071912,0.0011,0.040137,0.22089,0.91887
0.0003,0.000225,0.000525,0.00025,102,0.11839,0.000725,0.14368,0.35548,0.92449
0.000525,0.0003,0.000525,0.00025,102,0.16667,0.00086,0.24574,0.355,0.91068
0.00045,0.000225,0.0003,0.000225,102,0.071147,0.00065,0.075974,0.25174,0.9295
0.000375,0.000275,0.0006,0.0003,102,0.16577,0.000815,0.27012,0.38236,0.90682
0.000375,0.0002,0.00045,0.000275,102,0.071321,0.00068,0.07796,0.28199,0.92287
0.000375,0.0002,0.000525,0.000225,102,0.1667,0.00074,0.22935,0.37485,0.92717
0.00045,0.0003,0.000525,0.0002,102,0.047788,0.000815,0.034224,0.21702,0.91797
0.000375,0.0002,0.00045,0.00025,102,0.18949,0.00068,0.35097,0.41283,0.92659
0.0006,0.0003,0.0003,0.00025,102,0.18971,0.0008,0.31353,0.33233,0.91238
0.00045,0.000225,0.000525,0.0003,102,0.11905,0.000785,0.15473,0.32525,0.91315
0.000525,0.0002,0.000375,0.000225,102,0.071535,0.0008,0.052931,0.22018,0.93138
0.000525,0.000275,0.0006,0.000225,102,0.095645,0.000935,0.079286,0.26592,0.91522
0.0006,0.0003,0.000375,0.00025,102,0.071447,0.000875,0.057541,0.24006,0.91487
0.00045,0.000225,0.0003,0.0002,102,0.071151,0.00065,0.073327,0.24955,0.93264
0.0003,0.000225,0.0006,0.000275,102,0.18979,0.0008,0.28451,0.40934,0.91879
0.0006,0.0002,0.0006,0.0003,102,0.12002,0.0011,0.086545,0.25597,0.91822
0.0006,0.000225,0.00045,0.000225,102,0.16805,0.00095,0.16277,0.29464,0.92608
0.0006,0.00025,0.0003,0.000225,102,0.047457,0.0008,0.032062,0.18755,0.92195
0.0006,0.0002,0.00045,0.0002,102,0.047982,0.00095,0.023226,0.18034,0.9304
0.000375,0.00025,0.000375,0.0002,102,0.19016,0.000605,0.43058,0.43607,0.92661
0.0003,0.00025,0.000525,0.000225,102,0.094957,0.000725,0.099551,0.31063,0.92435
0.0003,0.000275,0.00045,0.0002,102,0.070942,0.00065,0.075893,0.27395,0.92509
0.00045,0.00025,0.0006,0.0002,102,0.11887,0.00086,0.11361,0.30138,0.92056
0.000525,0.0002,0.000525,0.0002,102,0.095721,0.000905,0.070157,0.24006,0.92924
0.0003,0.00025,0.0003,0.00025,102,0.16768,0.0005,0.51291,0.47072,0.91907
0.0006,0.000275,0.0006,0.000275,102,0.096055,0.0011,0.067042,0.25334,0.91453
0.000525,0.0002,0.0003,0.000275,102,0.16613,0.000725,0.23354,0.30182,0.92371
0.00045,0.0002,0.000525,0.0003,102,0.16723,0.000815,0.23902,0.34867,0.91793
0.000525,0.0003,0.00045,0.000275,102,0.16718,0.000845,0.25951,0.36903,0.91198
0.0006,0.00025,0.000525,0.000225,102,0.14406,0.001025,0.12364,0.29561,0.92282
0.000525,0.0002,0.0003,0.000275,102,0.16613,0.000725,0.23354,0.30182,0.92371
0.000375,0.0002,0.0006,0.000225,102,0.1658,0.000815,0.19304,0.36316,0.92456
0.00045,0.0003,0.000375,0.000275,102,0.14231,0.000695,0.2634,0.38302,0.91028
0.000375,0.000225,0.0003,0.0002,102,0.095454,0.000575,0.13586,0.3208,0.93359
0.000525,0.000275,0.000375,0.00025,102,0.047657,0.000785,0.036548,0.21042,0.91867
0.000375,0.000275,0.0006,0.00025,102,0.18939,0.00083,0.28187,0.38818,0.91454
0.000375,0.000275,0.000525,0.0003,102,0.04772,0.000755,0.042969,0.24502,0.9091
0.00045,0.0003,0.0003,0.0003,102,0.047647,0.00065,0.057349,0.23066,0.90597
0.0006,0.000225,0.000375,0.0003,102,0.14272,0.000875,0.15491,0.27607,0.91731
0.000525,0.0002,0.00045,0.000225,102,0.071642,0.000845,0.050671,0.21802,0.9291
0.000375,0.0002,0.0003,0.0003,102,0.071511,0.000575,0.10419,0.28334,0.92008
0.0006,0.0003,0.000375,0.0003,102,0.19016,0.000875,0.30737,0.33949,0.90869
0.0003,0.000225,0.000525,0.0002,102,0.047442,0.000725,0.034564,0.23156,0.93049
0.000375,0.000225,0.000375,0.0003,102,0.11865,0.000605,0.23947,0.3861,0.91419
0.000375,0.000275,0.0003,0.0002,102,0.19077,0.000575,0.46844,0.45274,0.92514
0.0003,0.000225,0.000525,0.000275,102,0.11826,0.000725,0.15221,0.35956,0.92098
0.00045,0.00025,0.00045,0.000225,102,0.14372,0.00074,0.20668,0.323,0.92281
0.000375,0.000275,0.0003,0.000275,102,0.19131,0.000575,0.55585,0.47217,0.91299
0.0006,0.0002,0.0003,0.0002,102,0.094669,0.0008,0.075495,0.22103,0.92991
0.0006,0.00025,0.0003,0.00025,102,0.18961,0.0008,0.27736,0.32186,0.91902
0.00045,0.0002,0.000525,0.00025,102,0.14332,0.000815,0.16801,0.32504,0.92444
0.000375,0.0002,0.0006,0.0002,102,0.14221,0.00083,0.14119,0.33366,0.92805
0.0006,0.000275,0.0003,0.00025,120,0.047561,0.0008,0.049095,0.20511,0.90504
0.00045,0.0002,0.0003,0.000225,120,0.095078,0.00065,0.15423,0.28561,0.92398
0.0003,0.00025,0.0003,0.0003,120,0.096038,0.0005,0.37202,0.43203,0.89631
0.00045,0.000275,0.000375,0.0003,120,0.14402,0.00071,0.42074,0.41653,0.90042
0.000525,0.0002,0.0003,0.000275,120,0.18996,0.000725,0.43838,0.34978,0.91397
0.0006,0.000225,0.000375,0.00025,120,0.14408,0.000875,0.22626,0.30375,0.91372
0.000525,0.000225,0.0003,0.0002,120,0.047605,0.000725,0.046769,0.20555,0.92157
0.0006,0.0002,0.0003,0.000275,120,0.16687,0.0008,0.30732,0.33167,0.91116
0.0006,0.000225,0.0003,0.000275,120,0.07141,0.0008,0.081701,0.22892,0.90823
0.000525,0.000275,0.0003,0.000275,120,0.047597,0.000725,0.058221,0.22005,0.90323
0.000375,0.000225,0.0003,0.000275,120,0.047825,0.000575,0.083048,0.25974,0.91141
0.00045,0.0002,0.00045,0.000275,120,0.1921,0.00074,0.4968,0.37673,0.91241
0.000525,0.0003,0.000525,0.0002,120,0.19306,0.00095,0.35289,0.3937,0.91137
0.0006,0.000275,0.00045,0.000275,120,0.072305,0.00095,0.079147,0.23514,0.90522
0.0006,0.00025,0.0003,0.0002,120,0.047645,0.0008,0.04332,0.19891,0.91482
0.00045,0.0003,0.0003,0.00025,120,0.047662,0.00065,0.074778,0.25221,0.9031
0.0003,0.000225,0.0003,0.0003,120,0.11978,0.0005,0.50545,0.48101,0.90161
0.0006,0.00025,0.00045,0.00025,120,0.096561,0.00095,0.11306,0.25259,0.9112
0.0006,0.0003,0.0003,0.0002,120,0.11905,0.0008,0.2068,0.2922,0.90734
0.0006,0.0002,0.00045,0.000225,120,0.19309,0.00095,0.29801,0.35552,0.9191
0.000375,0.00025,0.00045,0.00025,120,0.1912,0.00068,0.60929,0.48039,0.9102
0.000525,0.0003,0.0003,0.0002,120,0.071333,0.000725,0.10226,0.27295,0.90974
0.0006,0.0003,0.0006,0.000275,120,0.096459,0.0011,0.10775,0.28213,0.90075
0.000375,0.0002,0.000525,0.000275,120,0.19078,0.000755,0.4788,0.44949,0.91207
0.0003,0.000225,0.0003,0.0002,120,0.095927,0.0005,0.2572,0.38584,0.924
0.000525,0.0003,0.0006,0.0002,120,0.096501,0.00098,0.10766,0.28495,0.90663
0.00045,0.000275,0.000375,0.00025,120,0.095699,0.000695,0.1924,0.34506,0.90757
0.000525,0.0003,0.000375,0.00025,120,0.1436,0.000785,0.32821,0.34483,0.90432
0.0006,0.0003,0.000375,0.0002,120,0.19229,0.000875,0.41619,0.35645,0.90953
0.000525,0.000225,0.0003,0.000275,120,0.16675,0.000725,0.37871,0.34175,0.91073
0.0003,0.0003,0.0006,0.000275,120,0.14308,0.0008,0.31549,0.37224,0.89753
0.000525,0.000275,0.0003,0.000225,120,0.11901,0.000725,0.22901,0.30943,0.91089
0.0006,0.000275,0.000525,0.000275,120,0.096547,0.001025,0.11311,0.26763,0.90492
0.000525,0.0003,0.000525,0.0003,120,0.048145,0.000905,0.049778,0.23158,0.89628
0.00045,0.00025,0.000375,0.0003,120,0.072002,0.00071,0.11894,0.29918,0.90444
0.000375,0.0003,0.00045,0.0002,120,0.071524,0.000665,0.12041,0.31066,0.90677
0.00045,0.00025,0.0006,0.00025,120,0.048043,0.00089,0.043039,0.22935,0.90714
0.0003,0.000275,0.000525,0.000225,120,0.095111,0.000725,0.15092,0.33187,0.91073
0.000525,0.0003,0.00045,0.0002,120,0.096011,0.000845,0.136,0.29876,0.90995
0.000525,0.000275,0.0003,0.000275,120,0.047597,0.000725,0.058221,0.22005,0.90323
0.000525,0.000225,0.00045,0.0003,120,0.14416,0.000845,0.27647,0.31834,0.90722
0.00045,0.0002,0.0003,0.0003,120,0.095207,0.00065,0.17896,0.29091,0.91054
0.0006,0.000275,0.000525,0.000275,120,0.07241,0.001025,0.071573,0.2391,0.90492
0.0006,0.000225,0.0003,0.0003,120,0.095366,0.0008,0.13481,0.25687,0.90426
0.000525,0.00025,0.0006,0.0002,120,0.12056,0.00098,0.13973,0.30538,0.91273
0.00045,0.0003,0.000375,0.00025,120,0.07191,0.000695,0.12766,0.31344,0.90304
0.000525,0.0002,0.000375,0.0002,120,0.16771,0.0008,0.28055,0.31746,0.92549
0.00045,0.0002,0.0003,0.0002,120,0.1901,0.00065,0.45492,0.36143,0.92759
0.000525,0.000275,0.000525,0.00025,120,0.096305,0.000905,0.13041,0.29035,0.90635
0.000525,0.0003,0.000375,0.0002,120,0.14355,0.000785,0.29136,0.3373,0.91054
0.00045,0.0003,0.00045,0.00025,120,0.047932,0.00074,0.061829,0.25428,0.90154
0.00045,0.0002,0.000375,0.000225,120,0.071975,0.00071,0.090999,0.25721,0.92365
0.0003,0.0003,0.0006,0.000225,120,0.1428,0.0008,0.26488,0.34183,0.90429
0.0006,0.000275,0.00045,0.000275,120,0.096407,0.00095,0.1259,0.26181,0.90522
0.000375,0.0002,0.0006,0.00025,120,0.16686,0.000815,0.32278,0.40921,0.912
0.0003,0.000225,0.0006,0.0003,120,0.095296,0.0008,0.14931,0.36145,0.90449
0.0006,0.00025,0.000375,0.000275,120,0.19238,0.000875,0.4272,0.3613,0.90751
0.00045,0.00025,0.000525,0.00025,120,0.11975,0.000815,0.20824,0.34226,0.90901
0.00045,0.0003,0.00045,0.00025,120,0.11983,0.00074,0.27084,0.37138,0.90154
0.0003,0.000225,0.0003,0.0003,120,0.047914,0.0005,0.12671,0.30635,0.90161
0.00045,0.0002,0.0006,0.0002,120,0.072328,0.00089,0.06554,0.25096,0.91811
0.0003,0.0002,0.0003,0.000275,120,0.047757,0.0005,0.10849,0.28927,0.91295
0.000525,0.0003,0.00045,0.00025,120,0.19205,0.000845,0.49784,0.38152,0.90417
0.0006,0.0003,0.00045,0.0003,120,0.19304,0.00095,0.45855,0.36756,0.89862
0.000525,0.000225,0.000525,0.00025,120,0.14449,0.000905,0.22477,0.30801,0.91236
0.0006,0.000225,0.00045,0.00025,120,0.19319,0.00095,0.33446,0.3522,0.91391
0.00045,0.000225,0.000525,0.000275,120,0.14373,0.000815,0.28335,0.35229,0.90868
0.0006,0.0002,0.000525,0.00025,120,0.072462,0.001025,0.058527,0.21987,0.91525
0.000375,0.0003,0.0006,0.0003,120,0.095471,0.000815,0.17768,0.3433,0.89116
0.000525,0.000275,0.0006,0.000225,120,0.1204,0.000935,0.16796,0.3131,0.90476
0.00045,0.00025,0.000375,0.0002,120,0.12001,0.00071,0.22366,0.34312,0.92
0.000525,0.0003,0.000375,0.0003,120,0.047865,0.0008,0.056867,0.23761,0.89806
0.0006,0.00025,0.00045,0.000275,120,0.12064,0.00095,0.17101,0.2829,0.90821
0.000375,0.000275,0.00045,0.000275,120,0.11946,0.00068,0.30698,0.40387,0.90173
0.00045,0.000225,0.0003,0.0002,120,0.16662,0.00065,0.39526,0.35404,0.92403
0.00045,0.00025,0.0006,0.0002,120,0.12016,0.00086,0.16891,0.3248,0.91079
0.00045,0.0003,0.000525,0.0003,120,0.071927,0.000815,0.11267,0.29864,0.89431
0.0006,0.0003,0.000525,0.000225,120,0.072399,0.001025,0.068401,0.24195,0.90717
0.0006,0.0002,0.0003,0.00025,120,0.071323,0.0008,0.074301,0.22358,0.91474
0.000525,0.000225,0.0003,0.000225,120,0.11927,0.000725,0.20094,0.29316,0.9184
0.000525,0.00025,0.00045,0.000225,120,0.072073,0.000845,0.08112,0.24506,0.91432
0.000525,0.0003,0.0006,0.000275,120,0.14466,0.001025,0.23207,0.35509,0.90188
0.0006,0.000225,0.0006,0.0003,120,0.16899,0.0011,0.24506,0.35078,0.90565
0.00045,0.0002,0.0006,0.00025,120,0.16825,0.00089,0.28378,0.36017,0.91259
0.0006,0.0003,0.0003,0.000225,120,0.07142,0.0008,0.09325,0.2454,0.90447
0.0006,0.000225,0.0006,0.000275,120,0.096641,0.0011,0.092426,0.26072,0.90849
0.0006,0.000275,0.0006,0.0003,120,0.072392,0.0011,0.068459,0.24419,0.90075
0.00045,0.000225,0.0006,0.0003,120,0.096318,0.00089,0.13697,0.30933,0.90333
0.0003,0.0002,0.000375,0.000275,120,0.047676,0.000575,0.081491,0.28464,0.9156
0.00045,0.0002,0.00045,0.000225,120,0.095832,0.00074,0.13836,0.27817,0.91976
0.00045,0.0003,0.0006,0.00025,120,0.14371,0.00086,0.28972,0.36997,0.89811
0.000525,0.00025,0.0006,0.0002,120,0.14467,0.00098,0.18818,0.3361,0.91273
0.0003,0.000275,0.000525,0.0002,120,0.1664,0.000725,0.35002,0.39943,0.91397
0.0003,0.0003,0.000525,0.000275,120,0.19021,0.000725,0.60275,0.4468,0.89887
0.0006,0.000275,0.0006,0.0002,120,0.1208,0.0011,0.12541,0.31938,0.91061
0.00045,0.0003,0.000525,0.00025,120,0.14364,0.000815,0.31062,0.38063,0.90167
0.000525,0.000275,0.000525,0.000275,120,0.19273,0.000905,0.44045,0.36968,0.90319
0.00045,0.000225,0.00045,0.000225,120,0.14392,0.00074,0.28508,0.33565,0.91664
0.000525,0.000225,0.00045,0.0003,120,0.12014,0.000845,0.20337,0.29524,0.90722
0.0006,0.000275,0.0003,0.000275,120,0.071417,0.0008,0.094062,0.24342,0.90146
0.000375,0.000275,0.0006,0.000275,120,0.11943,0.000815,0.22997,0.36725,0.89897
0.0003,0.000225,0.0003,0.000275,120,0.14337,0.0005,0.60086,0.50996,0.90816
0.000525,0.0003,0.000375,0.0003,120,0.095734,0.000785,0.18499,0.31286,0.89649
0.0006,0.000275,0.000525,0.00025,120,0.19296,0.001025,0.34318,0.37505,0.90771
0.000375,0.0002,0.0006,0.0003,120,0.19108,0.00083,0.45681,0.44877,0.90589
0.000375,0.000275,0.00045,0.0003,120,0.071585,0.00068,0.14271,0.34032,0.89709
0.00045,0.00025,0.000375,0.000275,120,0.16735,0.000695,0.5041,0.39279,0.9075
0.000525,0.0002,0.000525,0.00025,120,0.12048,0.000905,0.15405,0.27921,0.91494
0.000525,0.0003,0.0006,0.000275,120,0.19256,0.00098,0.41492,0.40058,0.89874
0.000525,0.000275,0.0003,0.00025,120,0.1431,0.000725,0.3293,0.33315,0.90719
0.00045,0.0003,0.000375,0.000225,120,0.14347,0.000695,0.39226,0.4138,0.90674
0.000375,0.000225,0.000375,0.000275,120,0.071525,0.000605,0.14483,0.33046,0.90884
0.000375,0.000275,0.00045,0.000275,120,0.047717,0.000665,0.075169,0.27674,0.9
0.000375,0.0002,0.0003,0.0002,120,0.19067,0.000575,0.57389,0.41817,0.92917
0.0003,0.0003,0.00045,0.0003,120,0.071149,0.00065,0.15036,0.33291,0.89374
0.00045,0.000275,0.0006,0.0002,120,0.072362,0.00089,0.074836,0.26148,0.90945
0.0006,0.00025,0.0006,0.0002,120,0.048271,0.0011,0.029507,0.19197,0.91318
0.000525,0.0003,0.000375,0.0002,120,0.1914,0.000785,0.47771,0.38036,0.91054
0.0003,0.0003,0.0006,0.0003,120,0.16685,0.0008,0.44512,0.41849,0.8936
0.0003,0.000275,0.000525,0.00025,120,0.047499,0.000725,0.0549,0.255,0.90717
0.000375,0.0003,0.0006,0.000225,120,0.071697,0.00083,0.087284,0.27652,0.90291
0.000375,0.0002,0.00045,0.0002,120,0.071493,0.000665,0.098543,0.29509,0.9234
0.000525,0.000225,0.00045,0.00025,120,0.14412,0.000845,0.24722,0.30703,0.91431
0.000375,0.0003,0.00045,0.00025,120,0.11952,0.00068,0.30236,0.39453,0.90113
0.00045,0.00025,0.000375,0.0002,120,0.072007,0.00071,0.097346,0.28574,0.92
0.000375,0.000225,0.00045,0.0003,120,0.16749,0.00068,0.54005,0.48512,0.90516
0.00045,0.0003,0.00045,0.000225,120,0.095965,0.00074,0.17493,0.33443,0.90503
0.000375,0.0002,0.0006,0.000275,120,0.095309,0.00083,0.13254,0.32879,0.90967
0.0006,0.0002,0.000525,0.000275,120,0.19319,0.001025,0.29956,0.36043,0.91246
0.000525,0.000275,0.000375,0.00025,120,0.14363,0.0008,0.3001,0.32603,0.90966
0.00045,0.0003,0.00045,0.000225,120,0.071974,0.00074,0.10949,0.29994,0.90503
0.0006,0.00025,0.0006,0.0003,120,0.19291,0.0011,0.32964,0.38341,0.90332
0.000375,0.0003,0.0003,0.00025,120,0.19099,0.000575,0.95209,0.55411,0.90119
0.000525,0.00025,0.000525,0.0002,120,0.072265,0.000905,0.070593,0.24284,0.91494
0.0003,0.000225,0.00045,0.0002,120,0.071492,0.00065,0.099461,0.31654,0.92398
0.000525,0.000225,0.000525,0.0003,120,0.071903,0.00086,0.088003,0.24766,0.90261
0.000375,0.0002,0.0003,0.000275,120,0.11966,0.000575,0.31157,0.38722,0.91545
0.00045,0.0002,0.0006,0.0003,120,0.11965,0.00086,0.19556,0.31729,0.90382
0.00045,0.0003,0.0003,0.0002,120,0.095435,0.00065,0.19496,0.35279,0.91079
0.0003,0.00025,0.000525,0.00025,120,0.19059,0.000725,0.50316,0.47513,0.91114
0.000375,0.000275,0.000525,0.000275,120,0.19093,0.000755,0.57644,0.46803,0.90177
0.00045,0.00025,0.00045,0.0002,120,0.048036,0.00071,0.05669,0.23808,0.91395
0.00045,0.00025,0.000525,0.00025,120,0.095796,0.000815,0.14418,0.31383,0.90901
0.0003,0.0002,0.00045,0.0003,120,0.095214,0.00065,0.19416,0.39762,0.91079
0.000525,0.000225,0.0006,0.000275,120,0.048216,0.00098,0.038082,0.20756,0.90745
0.0006,0.0002,0.00045,0.00025,120,0.072433,0.00095,0.064152,0.2215,0.91638
0.0003,0.000275,0.0006,0.000225,120,0.16674,0.0008,0.32956,0.391,0.90824
0.0006,0.00025,0.0006,0.000275,120,0.12064,0.0011,0.14027,0.29889,0.90616
0.0006,0.0003,0.000525,0.00025,120,0.096463,0.001025,0.11335,0.27626,0.90466
0.000525,0.000225,0.000525,0.00025,120,0.19307,0.00095,0.3275,0.36309,0.9152
0.0006,0.0003,0.00045,0.0002,120,0.12065,0.00095,0.16445,0.2895,0.91005
0.0006,0.0003,0.00045,0.000225,120,0.07238,0.00095,0.07638,0.24177,0.90764
0.000375,0.00025,0.0003,0.0003,120,0.095308,0.000575,0.26494,0.38564,0.9013
0.0003,0.00025,0.0006,0.0003,120,0.19059,0.0008,0.518,0.49184,0.90113
0.0006,0.000275,0.0006,0.000225,120,0.096519,0.0011,0.092098,0.27717,0.90849
0.000525,0.00025,0.0006,0.000225,120,0.072281,0.00098,0.0665,0.24707,0.91034
0.00045,0.000225,0.0003,0.000275,120,0.047465,0.00065,0.063217,0.2277,0.91191
0.000375,0.000225,0.000525,0.000275,120,0.14332,0.00074,0.33382,0.41702,0.90766
0.0006,0.00025,0.000525,0.000225,120,0.072435,0.001025,0.062231,0.22687,0.91298
0.0006,0.0003,0.000525,0.000275,30,0.16115,0.001025,0.082438,0.31885,0.83084
0.0003,0.000225,0.00045,0.000275,30,0.16299,0.00065,0.14384,0.36967,0.84879
0.000525,0.00025,0.0003,0.000275,30,0.13807,0.000725,0.10327,0.33431,0.84032
0.000375,0.000275,0.0003,0.000225,30,0.18662,0.000575,0.21657,0.38298,0.84801
0.00045,0.000225,0.0003,0.0002,30,0.18604,0.00065,0.15877,0.36682,0.86986
0.0003,0.00025,0.000525,0.000275,30,0.11508,0.000725,0.080526,0.31896,0.84028
0.000375,0.000225,0.0003,0.000275,30,0.18693,0.000575,0.22018,0.39252,0.84784
0.0006,0.0002,0.00045,0.00025,30,0.11493,0.00095,0.055252,0.30537,0.85634
0.00045,0.0003,0.0003,0.0003,30,0.093001,0.00065,0.08286,0.31359,0.81697
0.00045,0.000225,0.00045,0.00025,30,0.1377,0.00071,0.1038,0.3407,0.84919
0.000525,0.000225,0.0006,0.000275,30,0.068658,0.00098,0.028907,0.26577,0.84178
0.000375,0.00025,0.0003,0.000275,30,0.11662,0.000575,0.12643,0.3481,0.83988
0.0006,0.000275,0.000375,0.00025,30,0.068595,0.000875,0.033173,0.26812,0.84099
0.00045,0.0003,0.0006,0.0002,48,0.093645,0.00089,0.043791,0.28163,0.89087
0.00045,0.00025,0.000375,0.000275,48,0.11799,0.00071,0.083545,0.3235,0.89435
0.0003,0.0003,0.0006,0.00025,48,0.1625,0.0008,0.11583,0.30977,0.88497
0.00045,0.000225,0.0006,0.000225,48,0.070577,0.00089,0.028982,0.27107,0.89904
0.0003,0.00025,0.0003,0.0003,48,0.09383,0.0005,0.13575,0.37207,0.87954
0.000375,0.00025,0.000525,0.0003,48,0.14094,0.000755,0.10205,0.3429,0.88557
0.00045,0.0002,0.0006,0.000225,48,0.18689,0.00089,0.11028,0.34807,0.90209
0.000525,0.0003,0.0006,0.00025,48,0.094316,0.00098,0.038986,0.27959,0.88568
0.00045,0.0002,0.000375,0.000275,48,0.070791,0.00071,0.041938,0.28627,0.90238
0.0003,0.0002,0.000525,0.0002,66,0.046953,0.000725,0.024322,0.22487,0.92866
0.000375,0.00025,0.000525,0.0002,66,0.047215,0.000755,0.024687,0.21824,0.92013
0.000525,0.0002,0.000525,0.0002,66,0.14227,0.000905,0.078798,0.2859,0.92433
0.00045,0.0002,0.000375,0.0002,66,0.16524,0.000695,0.14092,0.32921,0.92958
0.00045,0.0003,0.0003,0.0003,66,0.070261,0.00065,0.062734,0.25659,0.89936
0.0003,0.0003,0.000525,0.00025,66,0.16457,0.000725,0.15418,0.32614,0.90784
0.0003,0.00025,0.000375,0.0003,66,0.046992,0.000575,0.046635,0.25637,0.90634
0.0003,0.000275,0.00045,0.000275,66,0.094063,0.00065,0.084465,0.29529,0.90853
0.0003,0.0002,0.000375,0.0003,66,0.047186,0.000575,0.043111,0.25791,0.91458
0.00045,0.0002,0.0006,0.000225,66,0.11769,0.00089,0.063213,0.27206,0.91975
0.000375,0.000225,0.00045,0.000275,66,0.14159,0.00068,0.13597,0.34561,0.91443
0.000525,0.0003,0.000525,0.0002,66,0.070785,0.00086,0.035587,0.23485,0.90993
0.000525,0.000225,0.0006,0.000275,66,0.14218,0.00098,0.078565,0.28853,0.9121
0.000375,0.000275,0.000375,0.00025,66,0.094245,0.00059,0.11082,0.3076,0.90751
0.000375,0.00025,0.00045,0.0003,66,0.046895,0.000665,0.036455,0.2378,0.90473
0.000375,0.0003,0.000525,0.0002,66,0.11794,0.000755,0.086303,0.29356,0.91241
0.00045,0.0002,0.0003,0.0003,84,0.071123,0.00065,0.063633,0.24373,0.92196
0.000525,0.000225,0.00045,0.000225,84,0.071674,0.000845,0.040916,0.22734,0.92775
0.0006,0.000225,0.00045,0.00025,84,0.14361,0.00095,0.098076,0.27753,0.92486
0.000375,0.0003,0.0006,0.000225,84,0.094751,0.00083,0.066856,0.26827,0.91512
0.00045,0.000275,0.00045,0.000275,84,0.070796,0.00074,0.057997,0.26028,0.9142
0.00045,0.00025,0.000525,0.000225,84,0.18963,0.000785,0.21368,0.35814,0.9211
0.0003,0.00025,0.000375,0.0002,84,0.14268,0.000575,0.19278,0.37243,0.93053
0.000525,0.00025,0.000525,0.0003,84,0.047743,0.000905,0.02385,0.20051,0.91506
0.00045,0.000225,0.00045,0.000225,84,0.094935,0.00074,0.076867,0.27597,0.92702
0.0003,0.000225,0.000525,0.0003,84,0.070605,0.000725,0.055159,0.27496,0.91843
0.000525,0.0002,0.000525,0.00025,84,0.14327,0.000905,0.10482,0.2844,0.92555
0.0006,0.0003,0.0006,0.000275,84,0.11977,0.0011,0.069534,0.26763,0.91333
0.00045,0.000225,0.000375,0.000225,84,0.16572,0.000695,0.18625,0.34791,0.92926
0.0003,0.0003,0.00045,0.00025,84,0.14212,0.00065,0.18839,0.34122,0.9154
0.000375,0.000225,0.000375,0.000275,84,0.1183,0.000605,0.16416,0.36371,0.9202
0.000525,0.0002,0.000375,0.0003,84,0.09532,0.000785,0.070732,0.24909,0.92173
0.0003,0.00025,0.000525,0.000225,102,0.1187,0.000725,0.14086,0.33735,0.92435
0.0003,0.000225,0.0003,0.0002,102,0.047901,0.0005,0.072753,0.2544,0.93262
0.000525,0.000275,0.000375,0.000225,102,0.095392,0.0008,0.095061,0.27938,0.92276
0.00045,0.000275,0.000375,0.000225,102,0.14265,0.000695,0.23289,0.36549,0.92125
0.0003,0.000225,0.000375,0.000275,102,0.095489,0.000575,0.16412,0.36172,0.92153
0.000375,0.000275,0.00045,0.00025,102,0.11852,0.00068,0.18789,0.35301,0.91646
0.00045,0.000275,0.000525,0.000275,102,0.047662,0.000785,0.040287,0.22999,0.91056
0.00045,0.0003,0.00045,0.00025,102,0.047842,0.00074,0.044438,0.23095,0.91254
0.000525,0.000275,0.000375,0.0002,102,0.095383,0.0008,0.091486,0.27979,0.92531
